fpr,tpr
0.0,0.0
0.0,0.0002473410833539451
0.0,0.0037101162503091764
0.0,0.004204798417017067
0.0,0.18773188226564433
0.0002472799208704253,0.18773188226564433
0.0002472799208704253,0.48231511254019294
0.0004945598417408506,0.48231511254019294
0.0004945598417408506,0.5298046005441504
0.000741839762611276,0.5298046005441504
0.000741839762611276,0.6524857778877071
0.0009891196834817012,0.6524857778877071
0.0009891196834817012,0.6552065298046006
0.0012363996043521265,0.6552065298046006
0.0012363996043521265,0.657185258471432
0.001483679525222552,0.657185258471432
0.001483679525222552,0.6697996537224833
0.0019782393669634025,0.6697996537224833
0.0019782393669634025,0.7076428394756369
0.002225519287833828,0.7076428394756369
0.002225519287833828,0.7083848627256988
0.002472799208704253,0.7083848627256988
0.002472799208704253,0.7106109324758842
0.0027200791295746785,0.7106109324758842
0.0027200791295746785,0.7120949789760079
0.002967359050445104,0.7120949789760079
0.002967359050445104,0.716299777393025
0.003214638971315529,0.716299777393025
0.003214638971315529,0.7234726688102894
0.0034619188921859545,0.7234726688102894
0.0034619188921859545,0.7306455602275538
0.00370919881305638,0.7306455602275538
0.00370919881305638,0.7308929013109078
0.003956478733926805,0.7308929013109078
0.003956478733926805,0.7417759089784813
0.0042037586547972305,0.7417759089784813
0.0042037586547972305,0.7472174128122682
0.004451038575667656,0.7472174128122682
0.004451038575667656,0.7474647538956221
0.004698318496538081,0.7474647538956221
0.004698318496538081,0.7511748701459312
0.004945598417408506,0.7511748701459312
0.004945598417408506,0.7558743507296561
0.0051928783382789315,0.7558743507296561
0.0051928783382789315,0.7568637150630719
0.005440158259149357,0.7568637150630719
0.005440158259149357,0.7573583972297798
0.0056874381800197825,0.7573583972297798
0.0056874381800197825,0.761315854563443
0.005934718100890208,0.761315854563443
0.005934718100890208,0.7731882265644323
0.006181998021760633,0.7731882265644323
0.006181998021760633,0.7736829087311402
0.006429277942631058,0.7736829087311402
0.006429277942631058,0.7793717536482809
0.0066765578635014835,0.7793717536482809
0.0066765578635014835,0.7823398466485283
0.006923837784371909,0.7823398466485283
0.006923837784371909,0.788028691565669
0.0071711177052423344,0.788028691565669
0.0071711177052423344,0.7897600791491467
0.00741839762611276,0.7897600791491467
0.00741839762611276,0.7917388078159783
0.007665677546983185,0.7917388078159783
0.007665677546983185,0.7924808310660401
0.00791295746785361,0.7924808310660401
0.00791295746785361,0.7954489240662874
0.008160237388724036,0.7954489240662874
0.008160237388724036,0.7961909473163492
0.008407517309594461,0.7961909473163492
0.008407517309594461,0.7969329705664111
0.008654797230464886,0.7969329705664111
0.008654797230464886,0.797180311649765
0.008902077151335312,0.797180311649765
0.008902077151335312,0.797427652733119
0.009149357072205737,0.797427652733119
0.009149357072205737,0.8028691565669057
0.009396636993076163,0.8028691565669057
0.009396636993076163,0.8053425674004452
0.009643916913946587,0.8053425674004452
0.009643916913946587,0.8060845906505071
0.010138476755687438,0.8060845906505071
0.010138476755687438,0.806579272817215
0.01063303659742829,0.806579272817215
0.01063303659742829,0.8130101409844175
0.010880316518298714,0.8130101409844175
0.010880316518298714,0.8147415285678952
0.01112759643916914,0.8147415285678952
0.01112759643916914,0.8149888696512491
0.011374876360039565,0.8149888696512491
0.011374876360039565,0.815730892901311
0.01162215628090999,0.815730892901311
0.01162215628090999,0.8159782339846648
0.01211671612265084,0.8159782339846648
0.01211671612265084,0.8164729161513727
0.012363996043521267,0.8164729161513727
0.012363996043521267,0.8169675983180806
0.012611275964391691,0.8169675983180806
0.012611275964391691,0.8182043037348503
0.012858555885262116,0.8182043037348503
0.012858555885262116,0.8194410091516201
0.013105835806132542,0.8194410091516201
0.013105835806132542,0.8226564432352214
0.013353115727002967,0.8226564432352214
0.013353115727002967,0.8248825129854068
0.013600395647873393,0.8248825129854068
0.013600395647873393,0.8271085827355924
0.013847675568743818,0.8271085827355924
0.013847675568743818,0.8278506059856542
0.014094955489614243,0.8278506059856542
0.014094955489614243,0.8280979470690082
0.014342235410484669,0.8280979470690082
0.014342235410484669,0.8285926292357161
0.014589515331355093,0.8285926292357161
0.014589515331355093,0.8310660400692556
0.01483679525222552,0.8310660400692556
0.01483679525222552,0.8337867919861489
0.01533135509396637,0.8337867919861489
0.01533135509396637,0.8350234974029186
0.015578635014836795,0.8350234974029186
0.015578635014836795,0.8352708384862726
0.016320474777448073,0.8352708384862726
0.016320474777448073,0.8362602028196884
0.016567754698318497,0.8362602028196884
0.016567754698318497,0.8374969082364581
0.016815034619188922,0.8374969082364581
0.016815034619188922,0.8389809547365817
0.017062314540059347,0.8389809547365817
0.017062314540059347,0.8397229779866435
0.01730959446092977,0.8397229779866435
0.01730959446092977,0.8402176601533514
0.0175568743818002,0.8402176601533514
0.0175568743818002,0.842443729903537
0.017804154302670624,0.842443729903537
0.017804154302670624,0.8426910709868909
0.01805143422354105,0.8426910709868909
0.01805143422354105,0.8431857531535988
0.018793273986152326,0.8431857531535988
0.018793273986152326,0.8446697996537225
0.01904055390702275,0.8446697996537225
0.01904055390702275,0.8476378926539698
0.019287833827893175,0.8476378926539698
0.019287833827893175,0.8481325748206777
0.0195351137487636,0.8481325748206777
0.0195351137487636,0.8483799159040316
0.019782393669634024,0.8483799159040316
0.019782393669634024,0.8506059856542172
0.020029673590504452,0.8506059856542172
0.020029673590504452,0.851348008904279
0.020276953511374877,0.851348008904279
0.020276953511374877,0.8525847143210488
0.0205242334322453,0.8525847143210488
0.0205242334322453,0.8545634429878803
0.020771513353115726,0.8545634429878803
0.020771513353115726,0.8560474894880039
0.02101879327398615,0.8560474894880039
0.02101879327398615,0.8570368538214197
0.02126607319485658,0.8570368538214197
0.02126607319485658,0.8609943111550828
0.021513353115727003,0.8609943111550828
0.021513353115727003,0.8624783576552065
0.021760633036597428,0.8624783576552065
0.021760633036597428,0.8629730398219144
0.02225519287833828,0.8629730398219144
0.02225519287833828,0.8644570863220381
0.022502472799208705,0.8644570863220381
0.022502472799208705,0.864951768488746
0.02274975272007913,0.864951768488746
0.02274975272007913,0.8656937917388078
0.023491592482690407,0.8656937917388078
0.023491592482690407,0.8661884739055157
0.02373887240356083,0.8661884739055157
0.02373887240356083,0.8666831560722236
0.02423343224530168,0.8666831560722236
0.02423343224530168,0.8671778382389315
0.024727992087042534,0.8671778382389315
0.024727992087042534,0.8686618847390551
0.024975272007912958,0.8686618847390551
0.024975272007912958,0.8696512490724709
0.025469831849653807,0.8696512490724709
0.025469831849653807,0.8703932723225327
0.025717111770524232,0.8703932723225327
0.025717111770524232,0.8723720009893643
0.02596439169139466,0.8723720009893643
0.02596439169139466,0.8731140242394262
0.026211671612265085,0.8731140242394262
0.026211671612265085,0.8743507296561959
0.026706231454005934,0.8743507296561959
0.026706231454005934,0.8745980707395499
0.02744807121661721,0.8745980707395499
0.02744807121661721,0.8748454118229038
0.027695351137487636,0.8748454118229038
0.027695351137487636,0.8758347761563195
0.02794263105835806,0.8758347761563195
0.02794263105835806,0.8760821172396736
0.028189910979228485,0.8760821172396736
0.028189910979228485,0.8770714815730893
0.028437190900098913,0.8770714815730893
0.028437190900098913,0.8785555280732129
0.028684470820969338,0.8785555280732129
0.028684470820969338,0.8788028691565669
0.028931750741839762,0.8788028691565669
0.028931750741839762,0.883255008656938
0.029179030662710187,0.883255008656938
0.029179030662710187,0.8857284194904773
0.02942631058358061,0.8857284194904773
0.02942631058358061,0.8877071481573089
0.029920870425321464,0.8877071481573089
0.029920870425321464,0.8889438535740787
0.03016815034619189,0.8889438535740787
0.03016815034619189,0.8894385357407866
0.030415430267062313,0.8894385357407866
0.030415430267062313,0.891911946574326
0.03066271018793274,0.891911946574326
0.03066271018793274,0.8926539698243878
0.030909990108803166,0.8926539698243878
0.030909990108803166,0.8948800395745733
0.03115727002967359,0.8948800395745733
0.03115727002967359,0.8951273806579273
0.031404549950544015,0.8951273806579273
0.031404549950544015,0.8956220628246352
0.03165182987141444,0.8956220628246352
0.03165182987141444,0.8971061093247589
0.031899109792284865,0.8971061093247589
0.031899109792284865,0.8988374969082364
0.03214638971315529,0.8988374969082364
0.03214638971315529,0.8995795201582983
0.032393669634025714,0.8995795201582983
0.032393669634025714,0.8998268612416522
0.032640949554896145,0.8998268612416522
0.032640949554896145,0.9003215434083601
0.03288822947576657,0.9003215434083601
0.03288822947576657,0.9005688844917141
0.033135509396636995,0.9005688844917141
0.033135509396636995,0.9015582488251298
0.03338278931750742,0.9015582488251298
0.03338278931750742,0.9020529309918377
0.033630069238377844,0.9020529309918377
0.033630069238377844,0.9032896364086075
0.03437190900098912,0.9032896364086075
0.03437190900098912,0.9037843185753154
0.03461918892185954,0.9037843185753154
0.03461918892185954,0.9042790007420233
0.034866468842729974,0.9042790007420233
0.034866468842729974,0.9045263418253772
0.0351137487636004,0.9045263418253772
0.0351137487636004,0.9047736829087312
0.03536102868447082,0.9047736829087312
0.03536102868447082,0.905763047242147
0.03560830860534125,0.905763047242147
0.03560830860534125,0.9060103883255008
0.0361028684470821,0.9060103883255008
0.0361028684470821,0.9065050704922087
0.036597428288822946,0.9065050704922087
0.036597428288822946,0.9067524115755627
0.03733926805143423,0.9067524115755627
0.03733926805143423,0.9079891169923324
0.03758654797230465,0.9079891169923324
0.03758654797230465,0.9094731634924561
0.037833827893175076,0.9094731634924561
0.037833827893175076,0.9124412564927035
0.0380811078140455,0.9124412564927035
0.0380811078140455,0.9139253029928271
0.038328387734915925,0.9139253029928271
0.038328387734915925,0.914172644076181
0.038822947576656774,0.914172644076181
0.038822947576656774,0.914419985159535
0.0390702274975272,0.914419985159535
0.0390702274975272,0.9146673262428889
0.039317507418397624,0.9146673262428889
0.039317507418397624,0.9156566905763047
0.03956478733926805,0.9156566905763047
0.03956478733926805,0.9171407370764284
0.040059347181008904,0.9171407370764284
0.040059347181008904,0.9181301014098442
0.040553907022749754,0.9181301014098442
0.040553907022749754,0.9186247835765521
0.04129574678536103,0.9186247835765521
0.04129574678536103,0.9196141479099679
0.04154302670623145,0.9196141479099679
0.04154302670623145,0.9206035122433837
0.0420375865479723,0.9206035122433837
0.0420375865479723,0.9213455354934454
0.04253214638971316,0.9213455354934454
0.04253214638971316,0.9218402176601533
0.04277942631058358,0.9218402176601533
0.04277942631058358,0.923324264160277
0.04302670623145401,0.923324264160277
0.04302670623145401,0.923571605243631
0.04327398615232443,0.923571605243631
0.04327398615232443,0.9245609695770467
0.04376854599406528,0.9245609695770467
0.04376854599406528,0.9248083106604007
0.04426310583580613,0.9248083106604007
0.04426310583580613,0.9250556517437546
0.04451038575667656,0.9250556517437546
0.04451038575667656,0.9260450160771704
0.04549950544015826,0.9260450160771704
0.04549950544015826,0.9262923571605244
0.045746785361028684,0.9262923571605244
0.045746785361028684,0.9267870393272323
0.04648862512363996,0.9267870393272323
0.04648862512363996,0.928271085827356
0.04673590504451038,0.928271085827356
0.04673590504451038,0.9297551323274796
0.046983184965380814,0.9297551323274796
0.046983184965380814,0.9304971555775414
0.04723046488625124,0.9304971555775414
0.04723046488625124,0.9307444966608954
0.04747774480712166,0.9307444966608954
0.04747774480712166,0.9309918377442493
0.04797230464886251,0.9309918377442493
0.04797230464886251,0.9317338609943111
0.04821958456973294,0.9317338609943111
0.04821958456973294,0.932228543161019
0.04846686449060336,0.932228543161019
0.04846686449060336,0.9334652485777888
0.04945598417408507,0.9334652485777888
0.04945598417408507,0.9337125896611427
0.04970326409495549,0.9337125896611427
0.04970326409495549,0.9339599307444967
0.05019782393669634,0.9339599307444967
0.05019782393669634,0.9349492950779125
0.050445103857566766,0.9349492950779125
0.050445103857566766,0.9354439772446204
0.05069238377843719,0.9354439772446204
0.05069238377843719,0.9359386594113283
0.050939663699307615,0.9359386594113283
0.050939663699307615,0.9361860004946821
0.05118694362017804,0.9361860004946821
0.05118694362017804,0.9371753648280979
0.051434223541048464,0.9371753648280979
0.051434223541048464,0.9374227059114519
0.05242334322453017,0.9374227059114519
0.05242334322453017,0.9376700469948058
0.05316518298714144,0.9376700469948058
0.05316518298714144,0.9379173880781598
0.05341246290801187,0.9379173880781598
0.05341246290801187,0.9381647291615137
0.05440158259149357,0.9381647291615137
0.05440158259149357,0.9384120702448677
0.05514342235410485,0.9384120702448677
0.05514342235410485,0.9389067524115756
0.05539070227497527,0.9389067524115756
0.05539070227497527,0.9391540934949295
0.055637982195845696,0.9391540934949295
0.055637982195845696,0.9403907989116992
0.05588526211671612,0.9403907989116992
0.05588526211671612,0.9406381399950532
0.056132542037586546,0.9406381399950532
0.056132542037586546,0.9408854810784071
0.056874381800197826,0.9408854810784071
0.056874381800197826,0.941380163245115
0.057368941641938676,0.941380163245115
0.057368941641938676,0.941627504328469
0.0576162215628091,0.941627504328469
0.0576162215628091,0.9418748454118229
0.05811078140454995,0.9418748454118229
0.05811078140454995,0.9421221864951769
0.058358061325420374,0.9421221864951769
0.058358061325420374,0.9428642097452387
0.0586053412462908,0.9428642097452387
0.0586053412462908,0.9431115508285927
0.05934718100890208,0.9431115508285927
0.05934718100890208,0.9433588919119466
0.059594460929772504,0.9433588919119466
0.059594460929772504,0.9438535740786544
0.06033630069238378,0.9438535740786544
0.06033630069238378,0.9441009151620084
0.06107814045499505,0.9441009151620084
0.06107814045499505,0.9448429384120702
0.06157270029673591,0.9448429384120702
0.06157270029673591,0.9455849616621321
0.06231454005934718,0.9455849616621321
0.06231454005934718,0.94607964382884
0.0625618199802176,0.94607964382884
0.0625618199802176,0.9463269849121939
0.06503461918892187,0.9463269849121939
0.06503461918892187,0.9475636903289636
0.06552917903066272,0.9475636903289636
0.06552917903066272,0.9480583724956715
0.06577645895153314,0.9480583724956715
0.06577645895153314,0.9483057135790255
0.06627101879327399,0.9483057135790255
0.06627101879327399,0.9485530546623794
0.06676557863501484,0.9485530546623794
0.06676557863501484,0.9488003957457334
0.06701285855588526,0.9488003957457334
0.06701285855588526,0.9492950779124413
0.06824925816023739,0.9492950779124413
0.06824925816023739,0.9495424189957952
0.06874381800197824,0.9495424189957952
0.06874381800197824,0.9497897600791492
0.06899109792284866,0.9497897600791492
0.06899109792284866,0.9500371011625031
0.06998021760633037,0.9500371011625031
0.06998021760633037,0.950531783329211
0.07096933728981207,0.950531783329211
0.07096933728981207,0.950779124412565
0.07146389713155292,0.950779124412565
0.07146389713155292,0.9512738065792729
0.0722057368941642,0.9512738065792729
0.0722057368941642,0.9520158298293346
0.07270029673590504,0.9520158298293346
0.07270029673590504,0.9522631709126886
0.07294757665677547,0.9522631709126886
0.07294757665677547,0.9525105119960425
0.07344213649851632,0.9525105119960425
0.07344213649851632,0.9527578530793965
0.07418397626112759,0.9527578530793965
0.07418397626112759,0.9530051941627504
0.0751730959446093,0.9530051941627504
0.0751730959446093,0.9532525352461044
0.07542037586547973,0.9532525352461044
0.07542037586547973,0.9534998763294583
0.076162215628091,0.9534998763294583
0.076162215628091,0.9537472174128123
0.07665677546983185,0.9537472174128123
0.07665677546983185,0.9539945584961662
0.0771513353115727,0.9539945584961662
0.0771513353115727,0.9542418995795201
0.07764589515331355,0.9542418995795201
0.07764589515331355,0.954736581746228
0.07838773491592482,0.954736581746228
0.07838773491592482,0.954983922829582
0.07863501483679525,0.954983922829582
0.07863501483679525,0.9554786049962899
0.0791295746785361,0.9554786049962899
0.0791295746785361,0.9557259460796438
0.07937685459940653,0.9557259460796438
0.07937685459940653,0.9564679693297057
0.07962413452027696,0.9564679693297057
0.07962413452027696,0.9567153104130596
0.08160237388724036,0.9567153104130596
0.08160237388724036,0.9569626514964136
0.08184965380811078,0.9569626514964136
0.08184965380811078,0.9572099925797675
0.08259149357072205,0.9572099925797675
0.08259149357072205,0.9574573336631215
0.08382789317507418,0.9574573336631215
0.08382789317507418,0.9579520158298294
0.08456973293768547,0.9579520158298294
0.08456973293768547,0.9581993569131833
0.08481701285855589,0.9581993569131833
0.08481701285855589,0.9584466979965373
0.08506429277942631,0.9584466979965373
0.08506429277942631,0.9586940390798911
0.08555885262116716,0.9586940390798911
0.08555885262116716,0.9589413801632451
0.08704253214638971,0.9589413801632451
0.08704253214638971,0.959188721246599
0.08753709198813056,0.959188721246599
0.08753709198813056,0.9596834034133069
0.08778437190900099,0.9596834034133069
0.08778437190900099,0.9599307444966609
0.08803165182987141,0.9599307444966609
0.08803165182987141,0.9601780855800148
0.08902077151335312,0.9601780855800148
0.08902077151335312,0.9604254266633688
0.08951533135509397,0.9604254266633688
0.08951533135509397,0.9606727677467227
0.0897626112759644,0.9606727677467227
0.0897626112759644,0.9609201088300767
0.09000989119683482,0.9609201088300767
0.09000989119683482,0.9611674499134306
0.0907517309594461,0.9611674499134306
0.0907517309594461,0.9614147909967846
0.09099901088031652,0.9614147909967846
0.09099901088031652,0.9619094731634924
0.0917408506429278,0.9619094731634924
0.0917408506429278,0.9621568142468464
0.09396636993076163,0.9621568142468464
0.09396636993076163,0.9624041553302003
0.09446092977250248,0.9624041553302003
0.09446092977250248,0.9626514964135543
0.09520276953511375,0.9626514964135543
0.09520276953511375,0.9628988374969082
0.09643916913946587,0.9628988374969082
0.09643916913946587,0.9631461785802622
0.09718100890207715,0.9631461785802622
0.09718100890207715,0.9633935196636161
0.097675568743818,0.9633935196636161
0.097675568743818,0.964135542913678
0.09817012858555885,0.964135542913678
0.09817012858555885,0.9643828839970319
0.09915924826904056,0.9643828839970319
0.09915924826904056,0.9646302250803859
0.09940652818991098,0.9646302250803859
0.09940652818991098,0.9648775661637398
0.10039564787339268,0.9648775661637398
0.10039564787339268,0.9651249072470938
0.10113748763600396,0.9651249072470938
0.10113748763600396,0.9653722483304477
0.10138476755687438,0.9653722483304477
0.10138476755687438,0.9656195894138017
0.1016320474777448,0.9656195894138017
0.1016320474777448,0.9661142715805096
0.10187932739861523,0.9661142715805096
0.10187932739861523,0.9666089537472174
0.10237388724035608,0.9666089537472174
0.10237388724035608,0.9668562948305713
0.10286844708209693,0.9668562948305713
0.10286844708209693,0.9671036359139253
0.10336300692383778,0.9671036359139253
0.10336300692383778,0.9673509769972792
0.10410484668644907,0.9673509769972792
0.10410484668644907,0.9675983180806332
0.10484668644906034,0.9675983180806332
0.10484668644906034,0.9678456591639871
0.10583580613254204,0.9678456591639871
0.10583580613254204,0.9680930002473411
0.10608308605341246,0.9680930002473411
0.10608308605341246,0.968340341330695
0.10657764589515331,0.968340341330695
0.10657764589515331,0.968587682414049
0.10756676557863501,0.968587682414049
0.10756676557863501,0.9688350234974029
0.10806132542037586,0.9688350234974029
0.10806132542037586,0.9698243878308187
0.10979228486646884,0.9698243878308187
0.10979228486646884,0.9700717289141726
0.11127596439169139,0.9700717289141726
0.11127596439169139,0.9703190699975266
0.11201780415430267,0.9703190699975266
0.11201780415430267,0.9705664110808805
0.11226508407517309,0.9705664110808805
0.11226508407517309,0.9708137521642345
0.1132542037586548,0.9708137521642345
0.1132542037586548,0.9713084343309424
0.11350148367952523,0.9713084343309424
0.11350148367952523,0.9718031164976503
0.11399604352126608,0.9718031164976503
0.11399604352126608,0.9720504575810042
0.1142433234421365,0.9720504575810042
0.1142433234421365,0.9722977986643582
0.11498516320474778,0.9722977986643582
0.11498516320474778,0.9725451397477121
0.11597428288822947,0.9725451397477121
0.11597428288822947,0.97303982191442
0.1162215628090999,0.97303982191442
0.1162215628090999,0.973287162997774
0.11646884272997032,0.973287162997774
0.11646884272997032,0.9735345040811278
0.11696340257171117,0.9735345040811278
0.11696340257171117,0.9737818451644819
0.1172106824925816,0.9737818451644819
0.1172106824925816,0.9740291862478357
0.11745796241345202,0.9740291862478357
0.11745796241345202,0.9745238684145436
0.11770524233432245,0.9745238684145436
0.11770524233432245,0.9750185505812515
0.11844708209693373,0.9750185505812515
0.11844708209693373,0.9752658916646055
0.11943620178041543,0.9752658916646055
0.11943620178041543,0.9757605738313134
0.1251236399604352,0.9757605738313134
0.1251236399604352,0.9760079149146673
0.1261127596439169,0.9760079149146673
0.1261127596439169,0.9762552559980213
0.12685459940652818,0.9762552559980213
0.12685459940652818,0.9765025970813752
0.1280909990108803,0.9765025970813752
0.1280909990108803,0.9767499381647292
0.13130563798219586,0.9767499381647292
0.13130563798219586,0.9769972792480831
0.13204747774480713,0.9769972792480831
0.13204747774480713,0.977244620331437
0.1327893175074184,0.977244620331437
0.1327893175074184,0.9777393024981449
0.13328387734915925,0.9777393024981449
0.13328387734915925,0.9779866435814989
0.1347675568743818,0.9779866435814989
0.1347675568743818,0.9782339846648528
0.13550939663699307,0.9782339846648528
0.13550939663699307,0.9784813257482068
0.13699307616221562,0.9784813257482068
0.13699307616221562,0.9787286668315607
0.1377349159248269,0.9787286668315607
0.1377349159248269,0.9792233489982686
0.13847675568743817,0.9792233489982686
0.13847675568743817,0.9794706900816226
0.13921859545004944,0.9794706900816226
0.13921859545004944,0.9797180311649765
0.1404549950544016,0.9797180311649765
0.1404549950544016,0.9799653722483305
0.1414441147378833,0.9799653722483305
0.1414441147378833,0.9802127133316844
0.14268051434223541,0.9802127133316844
0.14268051434223541,0.9804600544150384
0.14317507418397626,0.9804600544150384
0.14317507418397626,0.9807073954983923
0.1446587537091988,0.9807073954983923
0.1446587537091988,0.9809547365817463
0.14589515331355093,0.9809547365817463
0.14589515331355093,0.9812020776651001
0.14638971315529178,0.9812020776651001
0.14638971315529178,0.981696759831808
0.14812067260138476,0.981696759831808
0.14812067260138476,0.981944100915162
0.14886251236399603,0.981944100915162
0.14886251236399603,0.9821914419985159
0.15009891196834818,0.9821914419985159
0.15009891196834818,0.9824387830818699
0.15306627101879328,0.9824387830818699
0.15306627101879328,0.9829334652485778
0.15454995054401582,0.9829334652485778
0.15454995054401582,0.9831808063319317
0.15553907022749752,0.9831808063319317
0.15553907022749752,0.9834281474152857
0.1562809099901088,0.9834281474152857
0.1562809099901088,0.9836754884986396
0.15751730959446092,0.9836754884986396
0.15751730959446092,0.9839228295819936
0.16122650840751732,0.9839228295819936
0.16122650840751732,0.9841701706653475
0.16543026706231453,0.9841701706653475
0.16543026706231453,0.9844175117487015
0.16790306627101878,0.9844175117487015
0.16790306627101878,0.9846648528320554
0.17012858555885263,0.9846648528320554
0.17012858555885263,0.9849121939154093
0.17037586547972305,0.9849121939154093
0.17037586547972305,0.9851595349987633
0.17309594460929772,0.9851595349987633
0.17309594460929772,0.9854068760821172
0.17334322453016815,0.9854068760821172
0.17334322453016815,0.9856542171654712
0.17507418397626112,0.9856542171654712
0.17507418397626112,0.9859015582488251
0.17705242334322452,0.9859015582488251
0.17705242334322452,0.9861488993321791
0.17878338278931752,0.9861488993321791
0.17878338278931752,0.986396240415533
0.1824925816023739,0.986396240415533
0.1824925816023739,0.9868909225822409
0.18595450049455983,0.9868909225822409
0.18595450049455983,0.9871382636655949
0.18719090009891196,0.9871382636655949
0.18719090009891196,0.9873856047489488
0.18743818001978238,0.9873856047489488
0.18743818001978238,0.9881276279990107
0.1884272997032641,0.9881276279990107
0.1884272997032641,0.9883749690823646
0.19015825914935708,0.9883749690823646
0.19015825914935708,0.9886223101657186
0.1943620178041543,0.9886223101657186
0.1943620178041543,0.9888696512490724
0.19559841740850642,0.9888696512490724
0.19559841740850642,0.9891169923324264
0.19584569732937684,0.9891169923324264
0.19584569732937684,0.9893643334157803
0.1963402571711177,0.9893643334157803
0.1963402571711177,0.9896116744991343
0.19683481701285854,0.9896116744991343
0.19683481701285854,0.9898590155824882
0.19757665677546984,0.9898590155824882
0.19757665677546984,0.9901063566658422
0.1980712166172107,0.9901063566658422
0.1980712166172107,0.9903536977491961
0.19881305637982197,0.9903536977491961
0.19881305637982197,0.9906010388325501
0.20276953511374876,0.9906010388325501
0.20276953511374876,0.990848379915904
0.20771513353115728,0.990848379915904
0.20771513353115728,0.991095720999258
0.20944609297725025,0.991095720999258
0.20944609297725025,0.9913430620826119
0.21439169139465875,0.9913430620826119
0.21439169139465875,0.9915904031659659
0.22230464886251236,0.9915904031659659
0.22230464886251236,0.9918377442493198
0.22725024727992088,0.9918377442493198
0.22725024727992088,0.9920850853326738
0.22823936696340258,0.9920850853326738
0.22823936696340258,0.9923324264160277
0.22997032640949555,0.9923324264160277
0.22997032640949555,0.9925797674993816
0.2314540059347181,0.9925797674993816
0.2314540059347181,0.9928271085827356
0.23269040553907022,0.9928271085827356
0.23269040553907022,0.9930744496660895
0.23367952522255192,0.9930744496660895
0.23367952522255192,0.9933217907494435
0.23689416419386747,0.9933217907494435
0.23689416419386747,0.9935691318327974
0.23961424332344214,0.9935691318327974
0.23961424332344214,0.9938164729161514
0.24085064292779426,0.9938164729161514
0.24085064292779426,0.9940638139995053
0.24752720079129575,0.9940638139995053
0.24752720079129575,0.9943111550828593
0.2539564787339268,0.9943111550828593
0.2539564787339268,0.9945584961662132
0.25865479723046486,0.9945584961662132
0.25865479723046486,0.9948058372495672
0.2692878338278932,0.9948058372495672
0.2692878338278932,0.9950531783329211
0.27695351137487634,0.9950531783329211
0.27695351137487634,0.9953005194162751
0.2789317507418398,0.9953005194162751
0.2789317507418398,0.995547860499629
0.29055390702274975,0.995547860499629
0.29055390702274975,0.995795201582983
0.29376854599406527,0.995795201582983
0.29376854599406527,0.9960425426663368
0.29574678536102866,0.9960425426663368
0.29574678536102866,0.9962898837496909
0.30192878338278933,0.9962898837496909
0.30192878338278933,0.9965372248330447
0.3254203758654797,0.9965372248330447
0.3254203758654797,0.9967845659163987
0.32566765578635015,0.9967845659163987
0.32566765578635015,0.9970319069997526
0.3367952522255193,0.9970319069997526
0.3367952522255193,0.9972792480831066
0.35954500494559843,0.9972792480831066
0.35954500494559843,0.9975265891664605
0.37512363996043524,0.9975265891664605
0.37512363996043524,0.9977739302498145
0.4700791295746785,0.9977739302498145
0.4700791295746785,0.9980212713331684
0.48095944609297725,0.9980212713331684
0.48095944609297725,0.9982686124165224
0.49357072205736896,0.9982686124165224
0.49357072205736896,0.9985159534998763
0.5536597428288823,0.9985159534998763
0.5536597428288823,0.9987632945832303
0.5773986152324432,0.9987632945832303
0.5773986152324432,0.9990106356665842
0.5947082096933729,0.9990106356665842
0.5947082096933729,0.9992579767499382
0.66864490603363,0.9992579767499382
0.66864490603363,0.9995053178332921
0.6842235410484668,0.9995053178332921
0.6842235410484668,0.9997526589166461
0.7007912957467853,0.9997526589166461
0.7007912957467853,1.0
1.0,1.0
